"text",label
"the rock is destined to be the 21st century's new conan and that he's going to make a splash even greater than arnold schwarzenegger , jean- claud van damme or steven segal.", 1
"the gorgeously elaborate continuation of 'the lord of the rings' trilogy is so huge that a column of words cannot adequately describe co-writer/director peter jackson's expanded vision of j . r . r . tolkien's middle-earth .", 1
"take care of my cat offers a refreshingly different slice of asian cinema .", 1
"a technically well-made suspenser . . . but its abrupt drop in iq points as it races to the finish line proves simply too discouraging to let slide .", 0 
"it's a mystery how the movie could be released in this condition .", 0
